<?xml version="1.0" encoding="UTF-8"?>
<project-private xmlns="http://www.netbeans.org/ns/project-private/1">
    <editor-bookmarks xmlns="http://www.netbeans.org/ns/editor-bookmarks/2" lastBookmarkId="0"/>
    <open-files xmlns="http://www.netbeans.org/ns/projectui-open-files/2">
        <group>
            <file>file:/C:/Users/Jonathan%20Cangelosi/Documents/NetBeansProjects/EventMap/src/eventmap/Toolbar.java</file>
            <file>file:/C:/Users/Jonathan%20Cangelosi/Documents/NetBeansProjects/EventMap/src/eventmap/UserInterface.java</file>
            <file>file:/C:/Users/Jonathan%20Cangelosi/Documents/NetBeansProjects/EventMap/src/eventmap/View.java</file>
            <file>file:/C:/Users/Jonathan%20Cangelosi/Documents/NetBeansProjects/EventMap/src/eventmap/User.java</file>
            <file>file:/C:/Users/Jonathan%20Cangelosi/Documents/NetBeansProjects/EventMap/src/eventmap/EventMap.java</file>
            <file>file:/C:/Users/Jonathan%20Cangelosi/Documents/NetBeansProjects/EventMap/src/eventmap/Model.java</file>
            <file>file:/C:/Users/Jonathan%20Cangelosi/Documents/NetBeansProjects/EventMap/src/eventmap/Event.java</file>
        </group>
    </open-files>
</project-private>
